{
    "petscam_crawl_Mar_15_at_154209": {
        "start_time": 1710516627,
        "end_time": "Mar 15 at 15:42:09",
        "success_rate": 100.0,
        "scraped_links": 334,
        "attempted_links": 334
    },
    "contactpage_crawl_Mar_15_at_155031": {
        "start_time": 1710517445,
        "end_time": "Mar 15 at 15:50:31",
        "success_rate": 95.80838323353294,
        "scraped_links": 320,
        "attempted_links": 334
    },
    "formfill_crawl_Mar_15_at_184530": {
        "start_time": 1710519076,
        "end_time": "Mar 15 at 18:45:30",
        "success_rate": 44.92307692307692,
        "scraped_links": 146,
        "attempted_links": 325
    }
}